f1,recall,precision
0.789446,0.781857,0.901332
0.798919,0.803312,0.874693
