f1,recall,precision
0.8807109852396745,0.9138259712157547,0.9024479123771321
0.8889670208942388,0.9284424576502244,0.8931791924822262
