f1,recall,precision
0.8529157603668623,0.9375212507822598,0.8351979955689635
0.8482554121133922,0.9466194901570788,0.8138333967423618
0.7976525761171692,0.7337654019910343,0.9765304922171251
