f1,recall,precision
0.828340,0.865428,0.866940
0.834841,0.881199,0.846505
