f1,recall,precision
0.8526751348028473,0.9493936582571655,0.8255644907071172
0.8459629393005741,0.9572423929085566,0.8022113042303759
