f1,recall,precision
0.8695366805244144,0.8863254573434584,0.9129531160860938
0.8786987394755588,0.9048660352229345,0.8967511017816127
