f1,recall,precision
0.8336755032985225,0.9092941112892509,0.8289820365148914
0.8330246050410569,0.9172836480796225,0.8159725231009718
0.7799594471633814,0.7063974948880357,0.9794731995770715
