,f1,recall,precision
0.5,0.811245,0.837108,0.867453
0.6,0.812737,0.838326,0.868974
0.7,0.81134,0.843387,0.860564
0.8,0.809697,0.840238,0.861345
