,f1,recall,precision
0.5,0.817695,0.832777,0.884845
0.6,0.816837,0.846143,0.867578
0.7,0.815599,0.848685,0.862341
0.8,0.815952,0.835707,0.877686
