,f1,recall,precision
0.5,0.760751,0.724906,0.919453
0.6,0.754631,0.714749,0.922519
0.7,0.760364,0.736673,0.904725
0.8,0.760973,0.719247,0.928803
0.9,0.762457,0.739039,0.904256
