,f1,recall,precision
0.5,0.80861,0.839873,0.861303
0.6,0.808627,0.844505,0.855438
0.7,0.807535,0.845347,0.853291
0.8,0.808174,0.841787,0.857152
