,f1,recall,precision
0.5,0.778099,0.760411,0.906291
0.6,0.781083,0.769113,0.900302
0.7,0.781168,0.76905,0.902243
0.8,0.78073,0.769754,0.900319
0.9,0.788663,0.771427,0.911394
