,f1,recall,precision
0.5,0.777439,0.755358,0.911029
0.6,0.778386,0.755153,0.913138
0.7,0.777702,0.747418,0.9208
0.8,0.779186,0.751721,0.917939
0.9,0.778731,0.744829,0.926952
