,f1,recall,precision
0.5,0.802274,0.826988,0.861016
0.6,0.802462,0.819289,0.870477
0.7,0.798875,0.834882,0.847167
0.8,0.8006,0.814857,0.872976
