,f1,recall,precision
0.5,0.821014,0.840986,0.879814
0.6,0.821026,0.842384,0.879
0.7,0.820298,0.836768,0.882831
0.8,0.821114,0.848321,0.872422
